{
  "ablation_3layer": {
    "Baseline": {
      "mse": 1.9129386990865072,
      "mae": 1.0348820934295655,
      "mad": 2.1031627993688216
    },
    "Residual": {
      "mse": 2.043355529785156,
      "mae": 1.060309497833252,
      "mad": 4.2784006749532875
    },
    "LayerNorm": {
      "mse": 1.873973836263021,
      "mae": 1.0217878557840983,
      "mad": 1.6667308974657857
    }
  },
  "depth_sweep": {
    "Baseline": {
      "2": {
        "mse": 1.9206124954223633,
        "mae": 1.0614925781885782,
        "mad": 2.513692656051084
      },
      "4": {
        "mse": 1.9285871041615803,
        "mae": 1.0494476896921794,
        "mad": 1.3249291036563986
      },
      "8": {
        "mse": 1.9909088598887126,
        "mae": 1.071450286547343,
        "mad": 0.9449773023593678
      }
    },
    "Residual": {
      "2": {
        "mse": 1.9640859858194988,
        "mae": 1.0494513390858968,
        "mad": 4.899415567778793
      },
      "4": {
        "mse": 2.2419478448232013,
        "mae": 1.1023910983403524,
        "mad": 5.288685197894718
      },
      "8": {
        "mse": 2.099041608174642,
        "mae": 1.0844242060979208,
        "mad": 8.429256483436683
      }
    },
    "LayerNorm": {
      "2": {
        "mse": 1.917136385599772,
        "mae": 1.0414312321345012,
        "mad": 1.5487955290878164
      },
      "4": {
        "mse": 1.8479684600830077,
        "mae": 1.0202474670410155,
        "mad": 1.1206444931760442
      },
      "8": {
        "mse": 2.426616391499837,
        "mae": 1.2263620020548502,
        "mad": 0.0008424252715741844
      }
    }
  }
}