{
  "mse": 1.9129386990865072,
  "mae": 1.0348820934295655,
  "mad": 2.1031627993688216
}