{
  "mse": 1.9206124954223633,
  "mae": 1.0614925781885782,
  "mad": 2.513692656051084
}