{
  "mse": 1.9285871041615803,
  "mae": 1.0494476896921794,
  "mad": 1.3249291036563986
}