{
  "mse": 1.9909088598887126,
  "mae": 1.071450286547343,
  "mad": 0.9449773023593678
}