{
  "mse": 1.917136385599772,
  "mae": 1.0414312321345012,
  "mad": 1.5487955290878164
}