{
  "mse": 1.8479684600830077,
  "mae": 1.0202474670410155,
  "mad": 1.1206444931760442
}