{
  "mse": 1.873973836263021,
  "mae": 1.0217878557840983,
  "mad": 1.6667308974657857
}