{
  "mse": 2.426616391499837,
  "mae": 1.2263620020548502,
  "mad": 0.0008424252715741844
}