{
  "mse": 1.9640859858194988,
  "mae": 1.0494513390858968,
  "mad": 4.899415567778793
}