{
  "mse": 2.099041608174642,
  "mae": 1.0844242060979208,
  "mad": 8.429256483436683
}