{
  "mse": 2.2419478448232013,
  "mae": 1.1023910983403524,
  "mad": 5.288685197894718
}