{
  "mse": 2.043355529785156,
  "mae": 1.060309497833252,
  "mad": 4.2784006749532875
}